{
  "enableDropsForNonPlayer": true,
  "enableCrashExplosion": false,
  "enableCrashBlockDestruction": true,
  "enableCrashFire": true,
  "crashExplosionRadius": 2.0,
  "separateCamera": true,
  "useThirdPersonByDefault": true,
  "enableTrails": true,
  "enableAnimatedSails": true,
  "renderDistance": 192.0,
  "fuelConsumption": 1.0,
  "windClearWeather": 1.0,
  "windRainWeather": 3.0,
  "windThunderWeather": 3.0,
  "collisionDamage": true,
  "onlyPlayerCanDestroyAircraft": true,
  "burnFuelInCreative": false,
  "acceptVanillaFuel": true,
  "useCustomKeybindSystem": true,
  "crashDamage": 2.0,
  "preventKillThroughCrash": true,
  "fuelList": {
    "minecraft:blaze_powder": 1200
  },
  "validDimensions": {
    "minecraft:the_end": true,
    "minecraft:overworld": true,
    "minecraft:the_nether": true
  },
  "version": 1
}