{
  "performVersionCheck": true,
  "origins": {
    "origins:enderian": {
      "enabled": true,
      "origins:throw_ender_pearl": true,
      "origins:water_vulnerability": true,
      "origins:pumpkin_hate": true,
      "origins:extra_reach": true,
      "origins:ender_particles": true,
      "origins:damage_from_potions": true
    },
    "origins:human": {
      "enabled": true
    },
    "origins:feline": {
      "enabled": true,
      "origins:fall_immunity": true,
      "origins:sprint_jump": true,
      "origins:velvet_paws": true,
      "origins:nine_lives": true,
      "origins:weak_arms": true,
      "origins:scare_creepers": true,
      "origins:cat_vision": true
    },
    "origins:elytrian": {
      "enabled": true,
      "origins:elytra": true,
      "origins:launch_into_air": true,
      "origins:aerial_combatant": true,
      "origins:light_armor": true,
      "origins:claustrophobia": true,
      "origins:more_kinetic_damage": true
    },
    "extraorigins:piglin": {
      "enabled": true,
      "extraorigins:all_that_glitters": true,
      "extraorigins:piglin_neutrality": true,
      "extraorigins:crossbow_master": true,
      "origins:nether_spawn": true,
      "extraorigins:homesick": true,
      "origins:carnivore": true,
      "extraorigins:flabby": true,
      "extraorigins:soul_spooked": true
    },
    "origins:shulk": {
      "enabled": true,
      "origins:shulker_inventory": true,
      "origins:natural_armor": true,
      "origins:strong_arms": true,
      "origins:strong_arms_break_speed": true,
      "origins:no_shield": true,
      "origins:more_exhaustion": true
    },
    "origins:merling": {
      "enabled": true,
      "origins:water_breathing": true,
      "origins:water_vision": true,
      "origins:aqua_affinity": true,
      "origins:swim_speed": true,
      "origins:like_water": true,
      "origins:aquatic": true,
      "origins:conduit_power_on_land": true,
      "origins:air_from_potions": true
    },
    "origins:phantom": {
      "enabled": true,
      "origins:phantomize": true,
      "origins:translucent": true,
      "origins:phasing": true,
      "origins:invisibility": true,
      "origins:burn_in_daylight": true,
      "origins:hunger_over_time": true,
      "origins:fragile": true,
      "origins:phantomize_overlay": true
    },
    "origins:arachnid": {
      "enabled": true,
      "origins:climbing": true,
      "origins:master_of_webs": true,
      "origins:carnivore": true,
      "origins:fragile": true,
      "origins:arthropod": true
    },
    "extraorigins:inchling": {
      "enabled": true,
      "extraorigins:bite_sized": true,
      "extraorigins:nimble": true,
      "extraorigins:small_appetite": true,
      "origins:climbing": true,
      "extraorigins:jockey": true
    },
    "origins:blazeborn": {
      "enabled": true,
      "origins:fire_immunity": true,
      "origins:nether_spawn": true,
      "origins:burning_wrath": true,
      "origins:hotblooded": true,
      "origins:water_vulnerability": true,
      "origins:flame_particles": true,
      "origins:damage_from_snowballs": true,
      "origins:damage_from_potions": true
    },
    "origins:avian": {
      "enabled": true,
      "origins:slow_falling": true,
      "origins:fresh_air": true,
      "origins:like_air": true,
      "origins:tailwind": true,
      "origins:lay_eggs": true,
      "origins:vegetarian": true
    },
    "extraorigins:floran": {
      "enabled": true,
      "extraorigins:green_thumb": true,
      "extraorigins:photosynthesis": true,
      "extraorigins:absorbing": true,
      "extraorigins:flammable": true,
      "extraorigins:nectarivore": true
    },
    "extraorigins:truffle": {
      "enabled": true,
      "extraorigins:magic_spores": true,
      "extraorigins:infestation": true,
      "extraorigins:rooted": true,
      "extraorigins:decomposition": true
    }
  }
}