{ 
  "globalSettings": { 
    "configVersion": 5, 
    "printBiomes": false, 
    "globalDebug": false, 
    "mobCap": 100, 
    "mobCapRange": 192 
  }, 
  "biomeGroups": { 
    "deserts": ["mesa","savanna","desert"], 
    "jungles": ["jungles"], 
    "temperate": ["plains","forest","mushroom"], 
    "shores": ["beach","minecraft:stony_shore","minecraft:beach"], 
    "swamps": ["swamp"], 
    "cold": ["mountain","taiga","extreme_hills"], 
    "snowy": ["mountain","icy"], 
    "mountains": ["mountain","extreme_hills"], 
    "forests": ["forest","mushroom","taiga"], 
    "warmForests": ["forest","mushroom"], 
    "oldForests": ["Old Growth Pine Taiga","Old Growth Spruce Taiga","Giant Tree Taiga Hills","Giant Spruce Taiga Hills","Giant Tree Taiga","Giant Spruce Taiga"], 
    "freshWater": ["minecraft:river","minecraft:swamp"], 
    "saltWater": ["ocean"], 
    "warmOcean": ["minecraft:deep_lukewarm_ocean","minecraft:lukewarm_ocean","minecraft:warm_ocean"], 
    "coldOcean": ["minecraft:cold_ocean","minecraft:deep_cold_ocean","minecraft:frozen_ocean","minecraft:deep_frozen_ocean"], 
    "shallowOcean": ["minecraft:ocean","minecraft:frozen_ocean","minecraft:cold_ocean","minecraft:lukewarm_ocean","minecraft:warm_ocean"], 
    "deepOcean": ["minecraft:deep_ocean","minecraft:deep_frozen_ocean","minecraft:deep_cold_ocean","minecraft:deep_lukewarm_ocean"] 
  }, 
  "itemGroups": { 
    "flowerItems": ["sugar","dandelion","poppy","blue_orchid","allium","azure_bluet","red_tulip","orange_tulip","white_tulip","pink_tulip","oxeye_daisy","cornflower","lily_of_the_valley","lilac","rose_bush","peony","flowering_azalea_leaves"], 
    "grassItems": ["hay","grass","fern","tall_grass","large_fern","bamboo"], 
    "leafItems": ["oak_leaves","spruce_leaves","birch_leaves","jungle_leaves","acacia_leaves","dark_oak_leaves","azalea_leaves","flowering_azalea_leaves","lily_pad","small_dripleaf","big_dripleaf"], 
    "mushroomItems": ["brown_mushroom","red_mushroom","crimson_fungus","warped_fungus"], 
    "rootItems": ["cave_vines","vines","hanging_roots","glow_lichen","crimson_roots","warped_roots","nether_wart","cactus"], 
    "seedItems": ["wheat_seeds","melon_seeds","pumpkin_seeds","beetroot_seeds","sweet_berries"], 
    "vegetableItems": ["potato","carrot","beetroot"], 
    "fruitItems": ["sweet_berries","melon_slice","apple","glow_berries"], 
    "seaweedItems": ["seagrass","kelp","tall_seagrass"], 
    "fishItems": ["salmon","cod","tropical_fish","pufferfish","wildlife.raw_anglerfish","wildlife.raw_bettafish","wildlife.raw_bluegill","wildlife.raw_catfish","wildlife.raw_goldfish","wildlife.raw_prawn","wildlife.raw_shrimp","wildlife.raw_rainbow_trout"], 
    "meatItems": ["rabbit","chicken","mutton","beef","porkchop","egg"], 
    "insectItems": ["wildlife:ant","wildlife:cricket","wildlife:dragonfly","wildlife:glasswing_butterfly","wildlife:monarch_butterfly","wildlife:tiger_butterfly","wildlife:spicebush_butterfly","wildlife:morpho_butterfly","wildlife:june_beetle","wildlife:ladybug","wildlife:rhino_beetle","wildlife:snail","wildlife:spider","wildlife:staghorn_beetle","wildlife:stickbug","wildlife:sunflower_beetle"], 
    "scavengerItems": ["egg","rotten_flesh","spider_eye"] 
  }, 
  "itemGroupCategories": { 
    "nectar": ["flowerItems", "fruitItems"], 
    "leafyHerbivore": ["grassItems", "leafItems", "flowerItems"], 
    "heartyHerbivore": ["vegetableItems", "fruitItems", "mushroomItems"], 
    "herbivore": ["grassItems", "leafItems", "flowerItems", "vegetableItems", "fruitItems", "mushroomItems"], 
    "omnivore": ["vegetableItems", "fruitItems", "mushroomItems", "meatItems", "scavengerItems"], 
    "carnivore": ["meatItems", "fishItems"], 
    "bird": ["seedItems", "insectItems"], 
    "bug": ["grassItems", "leafItems", "flowerItems", "rootItems"], 
    "scavenger": ["scavengerItems", "vegetableItems", "fruitItems", "mushroomItems"], 
    "oceanScavenger": ["seaweedItems", "scavengerItems", "fishItems", "vegetableItems"] 
  }, 
  "spawnCategories": { 
    "birdSpawnSettings": { 
      "shouldSpawn": true, 
      "spawnDebug": false, 
      "spawnWeight": 3, 
      "spawnRandomChance": 50, 
      "chunkFreq": 2, 
      "chunkOffset": 0, 
      "spawnType": "overworld", 
      "minSpawnGroupSize": 2, 
      "maxSpawnGroupSize": 4 
    }, 
    "bugSpawnSettings": { 
      "shouldSpawn": true, 
      "spawnDebug": false, 
      "spawnWeight": 3, 
      "spawnRandomChance": 50, 
      "chunkFreq": 2, 
      "chunkOffset": 1, 
      "spawnType": "overworld", 
      "minSpawnGroupSize": 2, 
      "maxSpawnGroupSize": 4 
    }, 
    "smallAnimalSpawnSettings": { 
      "shouldSpawn": true, 
      "spawnDebug": false, 
      "spawnWeight": 4, 
      "spawnRandomChance": 50, 
      "chunkFreq": 3, 
      "chunkOffset": 0, 
      "spawnType": "overworld", 
      "minSpawnGroupSize": 2, 
      "maxSpawnGroupSize": 4 
    }, 
    "mediumAnimalSpawnSettings": { 
      "shouldSpawn": true, 
      "spawnDebug": false, 
      "spawnWeight": 4, 
      "spawnRandomChance": 50, 
      "chunkFreq": 3, 
      "chunkOffset": 0, 
      "spawnType": "overworld", 
      "minSpawnGroupSize": 2, 
      "maxSpawnGroupSize": 4 
    }, 
    "beachSpawnSettings": { 
      "shouldSpawn": true, 
      "spawnDebug": false, 
      "spawnWeight": 40, 
      "spawnRandomChance": 100, 
      "chunkFreq": 1, 
      "chunkOffset": 0, 
      "spawnType": "overworld", 
      "minSpawnGroupSize": 4, 
      "maxSpawnGroupSize": 6 
    }, 
    "seaFloorSpawnSettings": { 
      "shouldSpawn": true, 
      "spawnDebug": false, 
      "spawnWeight": 20, 
      "spawnRandomChance": 100, 
      "chunkFreq": 1, 
      "chunkOffset": 0, 
      "spawnType": "water", 
      "minSpawnGroupSize": 2, 
      "maxSpawnGroupSize": 4 
    }, 
    "fishSpawnSettings": { 
      "shouldSpawn": true, 
      "spawnDebug": false, 
      "spawnWeight": 10, 
      "spawnRandomChance": 100, 
      "chunkFreq": 1, 
      "chunkOffset": 0, 
      "spawnType": "water", 
      "minSpawnGroupSize": 3, 
      "maxSpawnGroupSize": 6 
    } 
  }, 
  "mobConfig": { 
    "SPARROW": { 
      "spawnCategory": "birdSpawnSettings", 
      "spawnBiomes": ["all overworld"], 
      "health": 4, 
      "loudness": 100, 
      "breedingItems": ["bird"] 
    }, 
    "COTTONBIRD": { 
      "spawnCategory": "birdSpawnSettings", 
      "spawnBiomes": ["mountains","snowy"], 
      "health": 4, 
      "loudness": 100, 
      "breedingItems": ["bird"] 
    }, 
    "WHITE_EYE": { 
      "spawnCategory": "birdSpawnSettings", 
      "spawnBiomes": ["temperate","jungles","swamps"], 
      "health": 4, 
      "loudness": 100, 
      "breedingItems": ["bird"] 
    }, 
    "FLYCATCHER": { 
      "spawnCategory": "birdSpawnSettings", 
      "spawnBiomes": ["temperate","jungles","deserts"], 
      "health": 4, 
      "loudness": 100, 
      "breedingItems": ["bird"] 
    }, 
    "LARK": { 
      "spawnCategory": "birdSpawnSettings", 
      "spawnBiomes": ["all overworld"], 
      "health": 4, 
      "loudness": 100, 
      "breedingItems": ["bird"] 
    }, 
    "ROBIN": { 
      "spawnCategory": "birdSpawnSettings", 
      "spawnBiomes": ["temperate"], 
      "health": 4, 
      "loudness": 100, 
      "breedingItems": ["bird"] 
    }, 
    "CHICKADEE": { 
      "spawnCategory": "birdSpawnSettings", 
      "biomeGroups": [ "forests","cold","snowy","mountains"], 
      "health": 4, 
      "loudness": 100, 
      "breedingItems": ["bird"] 
    }, 
    "TOWHEE": { 
      "spawnCategory": "birdSpawnSettings", 
      "spawnBiomes": [ "mountains","snowy","cold"], 
      "health": 4, 
      "loudness": 100, 
      "breedingItems": ["bird"] 
    }, 
    "WREN": { 
      "spawnCategory": "birdSpawnSettings", 
      "spawnBiomes": ["temperate","jungles"], 
      "health": 4, 
      "loudness": 100, 
      "breedingItems": ["bird"] 
    }, 
    "MEADOWLARK": { 
      "spawnCategory": "birdSpawnSettings", 
      "spawnBiomes": ["deserts","cold"], 
      "spawnWeight": 3, 
      "health": 4, 
      "loudness": 100, 
      "breedingItems": ["bird"] 
    }, 
    "ORIOLE": { 
      "spawnCategory": "birdSpawnSettings", 
      "spawnBiomes": ["deserts","jungles"], 
      "health": 4, 
      "loudness": 100, 
      "breedingItems": ["bird"] 
    }, 
    "BLUEBIRD": { 
      "spawnCategory": "birdSpawnSettings", 
      "spawnBiomes": ["temperate","mountains","deserts"], 
      "health": 4, 
      "loudness": 100, 
      "breedingItems": ["bird"] 
    }, 
    "GOLDFINCH": { 
      "spawnCategory": "birdSpawnSettings", 
      "spawnBiomes": ["temperate","mountains","cold"], 
      "health": 4, 
      "loudness": 100, 
      "breedingItems": ["bird"] 
    }, 
    "PHOEBE": { 
      "spawnCategory": "birdSpawnSettings", 
      "spawnBiomes": ["temperate","mountains","cold","snowy"], 
      "health": 4, 
      "loudness": 100, 
      "breedingItems": ["bird"] 
    }, 
    "SWALLOW": { 
      "spawnCategory": "birdSpawnSettings", 
      "spawnBiomes": ["swamps","jungles"], 
      "health": 4, 
      "loudness": 100, 
      "breedingItems": ["bird"] 
    }, 
    "CRICKET": { 
      "spawnCategory": "bugSpawnSettings", 
      "spawnBiomes": ["temperate"], 
      "health": 4, 
      "loudness": 100, 
      "breedingItems": ["bug"] 
    }, 
    "GLASSWING_BUTTERFLY": { 
      "spawnCategory": "bugSpawnSettings", 
      "spawnBiomes": ["temperate","jungles","swamps","deserts"], 
      "health": 4, 
      "breedingItems": ["nectar"] 
    }, 
    "MONARCH_BUTTERFLY": { 
      "spawnCategory": "bugSpawnSettings", 
      "spawnBiomes": ["temperate","jungles","swamps","warmForests"], 
      "health": 4, 
      "breedingItems": ["nectar"] 
    }, 
    "MORPHO_BUTTERFLY": { 
      "spawnCategory": "bugSpawnSettings", 
      "spawnBiomes": ["jungles","swamps"], 
      "health": 4, 
      "breedingItems": ["nectar"] 
    }, 
    "TIGER_BUTTERFLY": { 
      "spawnCategory": "bugSpawnSettings", 
      "spawnBiomes": ["temperate","jungles","swamps","warmForests"], 
      "health": 4, 
      "breedingItems": ["nectar"] 
    }, 
    "SPICEBUSH_BUTTERFLY": { 
      "spawnCategory": "bugSpawnSettings", 
      "spawnBiomes": ["temperate","jungles","swamps","forests"], 
      "health": 4, 
      "breedingItems": ["nectar"] 
    }, 
    "DRAGONFLY": { 
      "spawnCategory": "bugSpawnSettings", 
      "spawnBiomes": ["temperate","jungles","swamps","deserts"], 
      "health": 4, 
      "breedingItems": ["bug"] 
    }, 
    "LADYBUG": { 
      "spawnCategory": "bugSpawnSettings", 
      "spawnBiomes": ["temperate","jungles","swamps"], 
      "health": 4, 
      "breedingItems": ["bug"] 
    }, 
    "SUNFLOWERBEETLE": { 
      "spawnCategory": "bugSpawnSettings", 
      "spawnBiomes": ["temperate","jungles","deserts"], 
      "health": 4, 
      "breedingItems": ["bug"] 
    }, 
    "ANT": { 
      "spawnCategory": "bugSpawnSettings", 
      "spawnBiomes": ["temperate","jungles","deserts","swamps"], 
      "health": 4, 
      "breedingItems": ["bug"] 
    }, 
    "SPIDER": { 
      "spawnCategory": "bugSpawnSettings", 
      "spawnBiomes": ["temperate","jungles","deserts"], 
      "health": 4, 
      "breedingItems": ["insectItems"] 
    }, 
    "SNAIL": { 
      "spawnCategory": "bugSpawnSettings", 
      "spawnBiomes": ["temperate","jungles","swamps"], 
      "health": 4, 
      "Speed": 0.01, 
      "breedingItems": ["insectItems"] 
    }, 
    "STICKBUG": { 
      "spawnCategory": "bugSpawnSettings", 
      "spawnBiomes": ["temperate","jungles","swamps"], 
      "health": 4, 
      "breedingItems": ["insectItems"] 
    }, 
    "JUNEBEETLE": { 
      "spawnCategory": "bugSpawnSettings", 
      "spawnBiomes": ["temperate","jungles","swamps","deserts"], 
      "health": 4, 
      "breedingItems": ["insectItems"] 
    }, 
    "RHINOBEETLE": { 
      "spawnCategory": "bugSpawnSettings", 
      "spawnBiomes": ["temperate","jungles","forests"], 
      "health": 4, 
      "breedingItems": ["insectItems"] 
    }, 
    "STAGHORNBEETLE": { 
      "spawnCategory": "bugSpawnSettings", 
      "spawnBiomes": ["temperate","jungles","forests"], 
      "health": 4, 
      "breedingItems": ["insectItems"] 
    }, 
    "BADGER": { 
      "spawnCategory": "mediumAnimalSpawnSettings", 
      "spawnBiomes": ["mountains","forests"], 
      "health": 10, 
      "breedingItems": ["omnivore"] 
    }, 
    "PORCUPINE": { 
      "spawnCategory": "mediumAnimalSpawnSettings", 
      "spawnBiomes": ["mountains","forests"], 
      "health": 10, 
      "breedingItems": ["herbivore"] 
    }, 
    "BEAVER": { 
      "spawnCategory": "mediumAnimalSpawnSettings", 
      "spawnBiomes": ["swamps"], 
      "health": 10, 
      "breedingItems": ["herbivore"] 
    }, 
    "ARMADILLO": { 
      "spawnCategory": "mediumAnimalSpawnSettings", 
      "spawnBiomes": ["deserts"], 
      "health": 10, 
      "breedingItems": ["scavenger"] 
    }, 
    "ANTEATER": { 
      "spawnCategory": "mediumAnimalSpawnSettings", 
      "spawnBiomes": ["deserts","jungles"], 
      "health": 10, 
      "breedingItems": ["insectItems"] 
    }, 
    "POSSUM": { 
      "spawnCategory": "mediumAnimalSpawnSettings", 
      "spawnBiomes": ["temperate","mountains","forests"], 
      "health": 10, 
      "breedingItems": ["scavenger"] 
    }, 
    "CAPYBARA": { 
      "spawnCategory": "mediumAnimalSpawnSettings", 
      "spawnBiomes": ["jungles"], 
      "health": 15, 
      "breedingItems": ["grassItems","vegetableItems","fruitItems"] 
    }, 
    "BOAR": { 
      "spawnCategory": "mediumAnimalSpawnSettings", 
      "spawnBiomes": ["oldForests"], 
      "health": 15, 
      "breedingItems": ["heartyHerbivore"] 
    }, 
    "DEER": { 
      "spawnCategory": "mediumAnimalSpawnSettings", 
      "spawnBiomes": ["oldForests"], 
      "health": 15, 
      "breedingItems": ["herbivore"] 
    }, 
    "MONKEY": { 
      "spawnCategory": "mediumAnimalSpawnSettings", 
      "spawnBiomes": ["jungles"], 
      "health": 15, 
      "breedingItems": ["fruitItems","egg"] 
    }, 
    "IGUANA": { 
      "spawnCategory": "mediumAnimalSpawnSettings", 
      "spawnBiomes": ["deserts","jungles"], 
      "health": 10, 
      "breedingItems": ["leafyHerbivore","fruitItems"] 
    }, 
    "CRAB": { 
      "spawnCategory": "beachSpawnSettings", 
      "spawnBiomes": ["shores"], 
      "health": 10, 
      "breedingItems": ["oceanScavenger"] 
    }, 
    "HERMITCRAB": { 
      "spawnCategory": "beachSpawnSettings", 
      "spawnBiomes": ["shores"], 
      "health": 10, 
      "breedingItems": ["oceanScavenger"] 
    }, 
    "HEDGEHOG": { 
      "spawnCategory": "smallAnimalSpawnSettings", 
      "spawnBiomes": ["temperate","forests"], 
      "health": 10, 
      "breedingItems": ["insectItems","heartyHerbivore"] 
    }, 
    "FERRET": { 
      "spawnCategory": "smallAnimalSpawnSettings", 
      "spawnBiomes": ["temperate","mountains","forests","cold","snowy"], 
      "health": 10, 
      "breedingItems": ["carnivore"] 
    }, 
    "HAMSTER": { 
      "spawnCategory": "smallAnimalSpawnSettings", 
      "spawnBiomes": ["deserts"], 
      "health": 10, 
      "breedingItems": ["seedItems","heartyHerbivore"] 
    }, 
    "CHAMELEON": { 
      "spawnCategory": "smallAnimalSpawnSettings", 
      "spawnBiomes": ["deserts","jungles"], 
      "health": 7, 
      "breedingItems": ["insectItems"] 
    }, 
    "GECKO": { 
      "spawnCategory": "smallAnimalSpawnSettings", 
      "spawnBiomes": ["deserts","jungles","temperate"], 
      "health": 4, 
      "breedingItems": ["insectItems"] 
    }, 
    "GRASS_SNAKE": { 
      "spawnCategory": "mediumAnimalSpawnSettings", 
      "spawnBiomes": ["jungles","temperate"], 
      "health": 8, 
      "breedingItems": ["insectItems"] 
    }, 
    "KING_SNAKE": { 
      "spawnCategory": "mediumAnimalSpawnSettings", 
      "spawnBiomes": ["jungles","temperate","swamps","deserts"], 
      "health": 10, 
      "breedingItems": ["carnivore"] 
    }, 
    "MILK_SNAKE": { 
      "spawnCategory": "mediumAnimalSpawnSettings", 
      "spawnBiomes": ["jungles","swamps","deserts"], 
      "health": 8, 
      "breedingItems": ["insectItems","carnivore"] 
    }, 
    "PYTHON": { 
      "spawnCategory": "mediumAnimalSpawnSettings", 
      "spawnBiomes": ["jungles","swamps","deserts"], 
      "health": 15, 
      "breedingItems": ["carnivore"] 
    }, 
    "BLUEGILL": { 
      "spawnCategory": "fishSpawnSettings", 
      "spawnBiomes": ["freshWater"], 
      "health": 3, 
      "breedingItems": ["insectItems"] 
    }, 
    "RAINBOW_TROUT": { 
      "spawnCategory": "fishSpawnSettings", 
      "spawnBiomes": ["freshWater"], 
      "health": 3, 
      "breedingItems": ["insectItems"] 
    }, 
    "KOI": { 
      "spawnCategory": "fishSpawnSettings", 
      "spawnBiomes": ["freshWater"], 
      "health": 3, 
      "breedingItems": ["insectItems"] 
    }, 
    "BETTAFISH": { 
      "spawnCategory": "fishSpawnSettings", 
      "spawnBiomes": ["freshWater"], 
      "health": 3, 
      "breedingItems": ["insectItems"] 
    }, 
    "GOLDFISH": { 
      "spawnCategory": "fishSpawnSettings", 
      "spawnBiomes": ["freshWater"], 
      "health": 3, 
      "breedingItems": ["insectItems"] 
    }, 
    "PRAWN": { 
      "spawnCategory": "fishSpawnSettings", 
      "spawnBiomes": ["freshWater"], 
      "health": 3, 
      "breedingItems": ["oceanScavenger"] 
    }, 
    "SHRIMP": { 
      "spawnCategory": "fishSpawnSettings", 
      "spawnBiomes": ["saltWater"], 
      "health": 3, 
      "breedingItems": ["oceanScavenger"] 
    }, 
    "ANGLERFISH": { 
      "spawnCategory": "fishSpawnSettings", 
      "spawnBiomes": ["deepOcean"], 
      "health": 3, 
      "breedingItems": ["fishItems"] 
    }, 
    "JELLYFISH": { 
      "spawnCategory": "fishSpawnSettings", 
      "spawnBiomes": ["saltWater"], 
      "health": 3, 
      "breedingItems": ["fishItems"] 
    }, 
    "GLOW_JELLYFISH": { 
      "spawnCategory": "fishSpawnSettings", 
      "spawnBiomes": ["deepOcean"], 
      "health": 3, 
      "breedingItems": ["fishItems"] 
    }, 
    "SEAHORSE": { 
      "spawnCategory": "fishSpawnSettings", 
      "spawnBiomes": ["warmOcean"], 
      "health": 3, 
      "breedingItems": ["fishItems"] 
    }, 
    "STINGRAY": { 
      "spawnCategory": "fishSpawnSettings", 
      "spawnBiomes": ["warmOcean"], 
      "health": 3, 
      "breedingItems": ["fishItems"] 
    }, 
    "MANTARAY": { 
      "spawnCategory": "fishSpawnSettings", 
      "spawnBiomes": ["warmOcean"], 
      "health": 3, 
      "breedingItems": ["fishItems"] 
    }, 
    "HAMMERHEAD_SHARK": { 
      "spawnCategory": "fishSpawnSettings", 
      "spawnBiomes": ["warmOcean"], 
      "health": 3, 
      "breedingItems": ["fishItems"] 
    }, 
    "CLAM": { 
      "spawnCategory": "seaFloorSpawnSettings", 
      "spawnBiomes": ["shores","saltWater"], 
      "health": 10, 
      "breedingItems": ["oceanScavenger"] 
    }, 
    "SEAURCHIN": { 
      "spawnCategory": "seaFloorSpawnSettings", 
      "spawnBiomes": ["shores","saltWater"], 
      "health": 10, 
      "breedingItems": ["oceanScavenger"] 
    }, 
    "STARFISH": { 
      "spawnCategory": "seaFloorSpawnSettings", 
      "spawnBiomes": ["shores","saltWater"], 
      "health": 10, 
      "breedingItems": ["oceanScavenger"] 
    }, 
    "HORSESHOE_CRAB": { 
      "spawnCategory": "seaFloorSpawnSettings", 
      "spawnBiomes": ["shores","shallowOcean"], 
      "health": 10, 
      "breedingItems": ["oceanScavenger"] 
    }, 
    "SANDDOLLAR": { 
      "spawnCategory": "seaFloorSpawnSettings", 
      "spawnBiomes": ["shores","shallowOcean"], 
      "health": 10, 
      "breedingItems": ["oceanScavenger"] 
    }, 
    "CATFISH": { 
      "spawnCategory": "fishSpawnSettings", 
      "spawnBiomes": ["freshWater"], 
      "health": 3, 
      "breedingItems": ["insectItems"] 
    }, 
    "ALLIGATOR": { 
      "spawnCategory": "mediumAnimalSpawnSettings", 
      "spawnBiomes": ["jungles","swamps","deserts"], 
      "isAggressive": true, 
      "health": 25, 
      "breedingItems": ["carnivore"] 
    } 
  } 
}